names,links,category,profile_path
Diane von Furstenberg,https://en.wikipedia.org/wiki/Diane_von_F%C3%BCrstenberg,no file,./Women_Profiles/Diane_von_Furstenberg
Ruth Bader Ginsburg,https://en.wikipedia.org/wiki/Ruth_Bader_Ginsburg,no file,./Women_Profiles/Ruth_Bader_Ginsburg
Gwendolyn Brooks,https://en.wikipedia.org/wiki/Gwendolyn_Brooks,no file,./Women_Profiles/Gwendolyn_Brooks
Michelle Payne,https://en.wikipedia.org/wiki/Michelle_Payne,no file,./Women_Profiles/Michelle_Payne
Martha Stewart,https://en.wikipedia.org/wiki/Martha_Stewart,no file,./Women_Profiles/Martha_Stewart
Eva Perón,https://en.wikipedia.org/wiki/Eva_Per%C3%B3n,no file,./Women_Profiles/Eva_Perón
Edith Cavell,https://en.wikipedia.org/wiki/Edith_Cavell,no file,./Women_Profiles/Edith_Cavell
Greta Thunberg,https://en.wikipedia.org/wiki/Greta_Thunberg,no file,./Women_Profiles/Greta_Thunberg
Coretta Scott-King,https://en.wikipedia.org/wiki/Coretta_Scott_King,no file,./Women_Profiles/Coretta_Scott-King
Vera Lynn,https://en.wikipedia.org/wiki/Vera_Lynn,no file,./Women_Profiles/Vera_Lynn
Byron Katie,https://en.wikipedia.org/wiki/Byron_Katie,no file,./Women_Profiles/Byron_Katie
Helen Sharman,https://en.wikipedia.org/wiki/Helen_Sharman,no file,./Women_Profiles/Helen_Sharman
Nina Simone,https://en.wikipedia.org/wiki/Nina_Simone,no file,./Women_Profiles/Nina_Simone
Caroline Myss,https://en.wikipedia.org/wiki/Caroline_Myss,no file,./Women_Profiles/Caroline_Myss
Marie Stopes,https://en.wikipedia.org/wiki/Marie_Stopes,no file,./Women_Profiles/Marie_Stopes
Marion Reid,https://en.wikipedia.org/wiki/Marion_Reid,no file,./Women_Profiles/Marion_Reid
Sandi Toksvig,https://en.wikipedia.org/wiki/Sandi_Toksvig,no file,./Women_Profiles/Sandi_Toksvig
Anna Freud,https://en.wikipedia.org/wiki/Anna_Freud,no file,./Women_Profiles/Anna_Freud
Jennie Finch,https://en.wikipedia.org/wiki/Jennie_Finch,no file,./Women_Profiles/Jennie_Finch
Chris Evert,https://en.wikipedia.org/wiki/Chris_Evert,no file,./Women_Profiles/Chris_Evert
Margaret Thatcher,https://en.wikipedia.org/wiki/Margaret_Thatcher,no file,./Women_Profiles/Margaret_Thatcher
Somaly Mam,https://en.wikipedia.org/wiki/Somaly_Mam,no file,./Women_Profiles/Somaly_Mam
Taylor Swift,https://en.wikipedia.org/wiki/Taylor_Swift,no file,./Women_Profiles/Taylor_Swift
Bessie Coleman,https://en.wikipedia.org/wiki/Bessie_Coleman,no file,./Women_Profiles/Bessie_Coleman
Erin Pizzey,https://en.wikipedia.org/wiki/Erin_Pizzey,no file,./Women_Profiles/Erin_Pizzey
Diana Nyad,https://en.wikipedia.org/wiki/Diana_Nyad,no file,./Women_Profiles/Diana_Nyad
Charlotte Cooper,https://en.wikipedia.org/wiki/Charlotte_Cooper_(tennis),no file,./Women_Profiles/Charlotte_Cooper
Pam Grier,https://en.wikipedia.org/wiki/Pam_Grier,no file,./Women_Profiles/Pam_Grier
Marilyn Vos Savant,https://en.wikipedia.org/wiki/Marilyn_vos_Savant,no file,./Women_Profiles/Marilyn_Vos_Savant
Erica Jong,https://en.wikipedia.org/wiki/Erica_Jong,no file,./Women_Profiles/Erica_Jong
Melissa McCarthy,https://en.wikipedia.org/wiki/Melissa_McCarthy,no file,./Women_Profiles/Melissa_McCarthy
Dorothy Hodgkin,https://en.wikipedia.org/wiki/Dorothy_Hodgkin,no file,./Women_Profiles/Dorothy_Hodgkin
Katie Couric,https://en.wikipedia.org/wiki/Katie_Couric,no file,./Women_Profiles/Katie_Couric
Arlene Blum,https://en.wikipedia.org/wiki/Arlene_Blum,no file,./Women_Profiles/Arlene_Blum
Elizabeth Cowell,https://en.wikipedia.org/wiki/Elizabeth_Cowell,no file,./Women_Profiles/Elizabeth_Cowell
Sophie Scholl,https://en.wikipedia.org/wiki/Sophie_Scholl,no file,./Women_Profiles/Sophie_Scholl
Madeleine Albright,https://en.wikipedia.org/wiki/Madeleine_Albright,no file,./Women_Profiles/Madeleine_Albright
Lucille Ball,https://en.wikipedia.org/wiki/Lucille_Ball,no file,./Women_Profiles/Lucille_Ball
Barbara Castle,https://en.wikipedia.org/wiki/Barbara_Castle,no file,./Women_Profiles/Barbara_Castle
Ellen J. Kullman,https://en.wikipedia.org/wiki/Ellen_J._Kullman,no file,./Women_Profiles/Ellen_J._Kullman
Shirley Chisolm,https://en.wikipedia.org/wiki/Shirley_Chisholm,no file,./Women_Profiles/Shirley_Chisolm
Bethenny Frankel,https://en.wikipedia.org/wiki/Bethenny_Frankel,no file,./Women_Profiles/Bethenny_Frankel
Josephine Baker,https://en.wikipedia.org/wiki/Josephine_Baker,no file,./Women_Profiles/Josephine_Baker
Benazir Bhutto,https://en.wikipedia.org/wiki/Benazir_Bhutto,no file,./Women_Profiles/Benazir_Bhutto
Helen Keller,https://en.wikipedia.org/wiki/Helen_Keller,no file,./Women_Profiles/Helen_Keller
Maya Angelou,https://en.wikipedia.org/wiki/Maya_Angelou,no file,./Women_Profiles/Maya_Angelou
Shami Chakrabarti,https://en.wikipedia.org/wiki/Shami_Chakrabarti,no file,./Women_Profiles/Shami_Chakrabarti
Katharine Hepburn,https://en.wikipedia.org/wiki/Katharine_Hepburn,no file,./Women_Profiles/Katharine_Hepburn
Mary Pickford,https://en.wikipedia.org/wiki/Mary_Pickford,no file,./Women_Profiles/Mary_Pickford
Ita Buttrose,https://en.wikipedia.org/wiki/Ita_Buttrose,no file,./Women_Profiles/Ita_Buttrose
Juliana Rotich,https://en.wikipedia.org/wiki/Juliana_Rotich,no file,./Women_Profiles/Juliana_Rotich
Anaïs Nin,https://en.wikipedia.org/wiki/Ana%C3%AFs_Nin,no file,./Women_Profiles/Anaïs_Nin
Grace Hopper,https://en.wikipedia.org/wiki/Grace_Hopper,no file,./Women_Profiles/Grace_Hopper
Helena Rubinstein,https://en.wikipedia.org/wiki/Helena_Rubinstein#Divorce_and_remarriage,no file,./Women_Profiles/Helena_Rubinstein
Dian Fossey,https://en.wikipedia.org/wiki/Dian_Fossey,no file,./Women_Profiles/Dian_Fossey
Julie Bindel,https://en.wikipedia.org/wiki/Julie_Bindel,no file,./Women_Profiles/Julie_Bindel
Amy Johnson,https://en.wikipedia.org/wiki/Amy_Johnson,no file,./Women_Profiles/Amy_Johnson
Sojourner Truth,https://en.wikipedia.org/wiki/Sojourner_Truth,no file,./Women_Profiles/Sojourner_Truth
J. K. Rowling,https://en.wikipedia.org/wiki/J._K._Rowling,no file,./Women_Profiles/J._K._Rowling
Audre Lorde,https://en.wikipedia.org/wiki/Audre_Lorde,no file,./Women_Profiles/Audre_Lorde
Oprah Winfrey,https://en.wikipedia.org/wiki/Oprah_Winfrey,no file,./Women_Profiles/Oprah_Winfrey
Lisa Robinson,https://en.wikipedia.org/wiki/Lisa_Robinson,no file,./Women_Profiles/Lisa_Robinson
Cathy Freeman,https://en.wikipedia.org/wiki/Cathy_Freeman,no file,./Women_Profiles/Cathy_Freeman
Grace Lee Boggs,https://en.wikipedia.org/wiki/Grace_Lee_Boggs,no file,./Women_Profiles/Grace_Lee_Boggs
Mary Warnock,"https://en.wikipedia.org/wiki/Mary_Warnock,_Baroness_Warnock",no file,./Women_Profiles/Mary_Warnock
Mae Jemison,https://en.wikipedia.org/wiki/Mae_Jemison,no file,./Women_Profiles/Mae_Jemison
Sandra Day O'Connor,https://en.wikipedia.org/wiki/Sandra_Day_O%27Connor,no file,./Women_Profiles/Sandra_Day_O'Connor
Susan Faludi,https://en.wikipedia.org/wiki/Susan_Faludi,no file,./Women_Profiles/Susan_Faludi
Caitlin Moran,https://en.wikipedia.org/wiki/Caitlin_Moran,no file,./Women_Profiles/Caitlin_Moran
Diana Vreeland,https://en.wikipedia.org/wiki/Diana_Vreeland,no file,./Women_Profiles/Diana_Vreeland
Katy Perry,https://en.wikipedia.org/wiki/Katy_Perry,no file,./Women_Profiles/Katy_Perry
Jacinda Ardern,https://en.wikipedia.org/wiki/Jacinda_Ardern,no file,./Women_Profiles/Jacinda_Ardern
Hawa Abdi,https://en.wikipedia.org/wiki/Hawa_Abdi,no file,./Women_Profiles/Hawa_Abdi
George Sand,https://en.wikipedia.org/wiki/George_Sand,no file,./Women_Profiles/George_Sand
Grandma Moses,https://en.wikipedia.org/wiki/Grandma_Moses,no file,./Women_Profiles/Grandma_Moses
Kate Bush,https://en.wikipedia.org/wiki/Kate_Bush,no file,./Women_Profiles/Kate_Bush
Maria Montessori,https://en.wikipedia.org/wiki/Maria_Montessori,no file,./Women_Profiles/Maria_Montessori
Kacey Ainsworth,https://en.wikipedia.org/wiki/Kacey_Ainsworth,no file,./Women_Profiles/Kacey_Ainsworth
Bettie Page,https://en.wikipedia.org/wiki/Bettie_Page,no file,./Women_Profiles/Bettie_Page
Mary Kay Ash,https://en.wikipedia.org/wiki/Mary_Kay_Ash,no file,./Women_Profiles/Mary_Kay_Ash
B. Smith,https://en.wikipedia.org/wiki/B._Smith,no file,./Women_Profiles/B._Smith
Marie Curie,https://en.wikipedia.org/wiki/Marie_Curie,no file,./Women_Profiles/Marie_Curie
Eleanor Rathbone,https://en.wikipedia.org/wiki/Eleanor_Rathbone,no file,./Women_Profiles/Eleanor_Rathbone
Indra Nooyi,https://en.wikipedia.org/wiki/Indra_Nooyi,no file,./Women_Profiles/Indra_Nooyi
Andrea Dworkin,https://en.wikipedia.org/wiki/Andrea_Dworkin,no file,./Women_Profiles/Andrea_Dworkin
Mary Quant,https://en.wikipedia.org/wiki/Mary_Quant,no file,./Women_Profiles/Mary_Quant
Lilian Wyles,https://en.wikipedia.org/wiki/Lilian_Wyles,no file,./Women_Profiles/Lilian_Wyles
Amy Cuddy,https://en.wikipedia.org/wiki/Amy_Cuddy,no file,./Women_Profiles/Amy_Cuddy
Sinéad O'Connor,https://en.wikipedia.org/wiki/Sin%C3%A9ad_O%27Connor,no file,./Women_Profiles/Sinéad_O'Connor
Rhonda Hansome,https://en.wikipedia.org/wiki/Rhonda_Hansome,no file,./Women_Profiles/Rhonda_Hansome
Amy Schumer,https://en.wikipedia.org/wiki/Amy_Schumer,no file,./Women_Profiles/Amy_Schumer
Edna Gardner Whyte,https://en.wikipedia.org/wiki/Edna_Gardner_Whyte,no file,./Women_Profiles/Edna_Gardner_Whyte
Fiona Wood,https://en.wikipedia.org/wiki/Fiona_Wood,no file,./Women_Profiles/Fiona_Wood
Camila Batmanghelidjh,https://en.wikipedia.org/wiki/Camila_Batmanghelidjh,no file,./Women_Profiles/Camila_Batmanghelidjh
Emma Stone,https://en.wikipedia.org/wiki/Emma_Stone,no file,./Women_Profiles/Emma_Stone
Ishita Gupta,https://en.wikipedia.org/wiki/Ishita_Dutta,no file,./Women_Profiles/Ishita_Gupta
Martina Navratilova,https://en.wikipedia.org/wiki/Martina_Navratilova,no file,./Women_Profiles/Martina_Navratilova
Dolly Parton,https://en.wikipedia.org/wiki/Dolly_Parton,no file,./Women_Profiles/Dolly_Parton
Frida Kahlo,https://en.wikipedia.org/wiki/Frida_Kahlo,no file,./Women_Profiles/Frida_Kahlo
Cilla Black,https://en.wikipedia.org/wiki/Cilla_Black,no file,./Women_Profiles/Cilla_Black
Karren Brady,https://en.wikipedia.org/wiki/Karren_Brady,no file,./Women_Profiles/Karren_Brady
Ingrid Bergman,https://en.wikipedia.org/wiki/Ingrid_Bergman,no file,./Women_Profiles/Ingrid_Bergman
Tanni Grey-Thompson,https://en.wikipedia.org/wiki/Tanni_Grey-Thompson,no file,./Women_Profiles/Tanni_Grey-Thompson
Miles Franklin,https://en.wikipedia.org/wiki/Miles_Franklin,no file,./Women_Profiles/Miles_Franklin
Josephine Butler,https://en.wikipedia.org/wiki/Josephine_Butler,no file,./Women_Profiles/Josephine_Butler
Wangari Maathai,https://en.wikipedia.org/wiki/Wangari_Maathai,no file,./Women_Profiles/Wangari_Maathai
Rosalind Franklin,https://en.wikipedia.org/wiki/Rosalind_Franklin,no file,./Women_Profiles/Rosalind_Franklin
Heather Moore,https://en.wikipedia.org/wiki/Heather_Moore,no file,./Women_Profiles/Heather_Moore
Charlotte Brontë,https://en.wikipedia.org/wiki/Charlotte_Bront%C3%AB,no file,./Women_Profiles/Charlotte_Brontë
Lori Greiner,https://en.wikipedia.org/wiki/Lori_Greiner,no file,./Women_Profiles/Lori_Greiner
Anne Sweeney,https://en.wikipedia.org/wiki/Anne_Sweeney,no file,./Women_Profiles/Anne_Sweeney
Amelia Earhart,https://en.wikipedia.org/wiki/Amelia_Earhart,no file,./Women_Profiles/Amelia_Earhart
Rebecca Adlington,https://en.wikipedia.org/wiki/Rebecca_Adlington,no file,./Women_Profiles/Rebecca_Adlington
Gilda Radner,https://en.wikipedia.org/wiki/Gilda_Radner,no file,./Women_Profiles/Gilda_Radner
Madonna,https://en.wikipedia.org/wiki/Madonna_%28entertainer%29,no file,./Women_Profiles/Madonna
Tina Fey,https://en.wikipedia.org/wiki/Tina_Fey,no file,./Women_Profiles/Tina_Fey
Gloria Steinem,https://en.wikipedia.org/wiki/Gloria_Steinem,no file,./Women_Profiles/Gloria_Steinem
Martha Lane Fox,https://en.wikipedia.org/wiki/Martha_Lane_Fox,no file,./Women_Profiles/Martha_Lane_Fox
Sheri L. Dew,https://en.wikipedia.org/wiki/Sheri_L._Dew,no file,./Women_Profiles/Sheri_L._Dew
Linda Bellos,https://en.wikipedia.org/wiki/Linda_Bellos,no file,./Women_Profiles/Linda_Bellos
Margaret Atwood,https://en.wikipedia.org/wiki/Margaret_Atwood,no file,./Women_Profiles/Margaret_Atwood
Bell Hooks,https://en.wikipedia.org/wiki/Bell_hooks,no file,./Women_Profiles/Bell_Hooks
Alison Bechdel,https://en.wikipedia.org/wiki/Alison_Bechdel,no file,./Women_Profiles/Alison_Bechdel
Barbara Corcoran,https://en.wikipedia.org/wiki/Barbara_Corcoran,no file,./Women_Profiles/Barbara_Corcoran
Brené Brown,https://en.wikipedia.org/wiki/Bren%C3%A9_Brown,no file,./Women_Profiles/Brené_Brown
Malalai Joya,https://en.wikipedia.org/wiki/Malalai_Joya,no file,./Women_Profiles/Malalai_Joya
Ellen MacArthur,https://en.wikipedia.org/wiki/Ellen_MacArthur,no file,./Women_Profiles/Ellen_MacArthur
Kerry Washington,https://en.wikipedia.org/wiki/Kerry_Washington,no file,./Women_Profiles/Kerry_Washington
Audrey Hepburn,https://en.wikipedia.org/wiki/Audrey_Hepburn,no file,./Women_Profiles/Audrey_Hepburn
Naomi Parker Fraley,https://en.wikipedia.org/wiki/Naomi_Parker_Fraley,no file,./Women_Profiles/Naomi_Parker_Fraley
Dilma Rousseff,https://en.wikipedia.org/wiki/Dilma_Rousseff,no file,./Women_Profiles/Dilma_Rousseff
Emma Goldman,https://en.wikipedia.org/wiki/Emma_Goldman,no file,./Women_Profiles/Emma_Goldman
Aung San Suu Kyi,https://en.wikipedia.org/wiki/Aung_San_Suu_Kyi,no file,./Women_Profiles/Aung_San_Suu_Kyi
Eve Ensler,https://en.wikipedia.org/wiki/Eve_Ensler,no file,./Women_Profiles/Eve_Ensler
Turia Pitt,https://en.wikipedia.org/wiki/Turia_Pitt,no file,./Women_Profiles/Turia_Pitt
Dianne Feinstein,https://en.wikipedia.org/wiki/Dianne_Feinstein,no file,./Women_Profiles/Dianne_Feinstein
Margaret Sanger,https://en.wikipedia.org/wiki/Margaret_Sanger,no file,./Women_Profiles/Margaret_Sanger
Helena Morrissey,https://en.wikipedia.org/wiki/Helena_Morrissey,no file,./Women_Profiles/Helena_Morrissey
Fatema Mernissi,https://en.wikipedia.org/wiki/Fatema_Mernissi,no file,./Women_Profiles/Fatema_Mernissi
Gretchen Rubin,https://en.wikipedia.org/wiki/Gretchen_Rubin,no file,./Women_Profiles/Gretchen_Rubin
Laverne Cox,https://en.wikipedia.org/wiki/Laverne_Cox,no file,./Women_Profiles/Laverne_Cox
Elizabeth Cady Stanton,https://en.wikipedia.org/wiki/Elizabeth_Cady_Stanton,no file,./Women_Profiles/Elizabeth_Cady_Stanton
Lubna Hussein,https://en.wikipedia.org/wiki/Lubna_al-Hussein,no file,./Women_Profiles/Lubna_Hussein
Greta Garbo,https://en.wikipedia.org/wiki/Greta_Garbo,no file,./Women_Profiles/Greta_Garbo
Betty Friedan,https://en.wikipedia.org/wiki/Betty_Friedan,no file,./Women_Profiles/Betty_Friedan
Susan Wicklund,https://en.wikipedia.org/wiki/Susan_Wicklund,no file,./Women_Profiles/Susan_Wicklund
Jenette Stanley,https://en.wikipedia.org/wiki/Jenette_H._Bolles,no file,./Women_Profiles/Jenette_Stanley
Sylvia Plath,https://en.wikipedia.org/wiki/Sylvia_Plath,no file,./Women_Profiles/Sylvia_Plath
Helen Clark,https://en.wikipedia.org/wiki/Helen_Clark,no file,./Women_Profiles/Helen_Clark
Fanny Durack,https://en.wikipedia.org/wiki/Fanny_Durack,no file,./Women_Profiles/Fanny_Durack
Ayn Rand,https://en.wikipedia.org/wiki/Ayn_Rand,no file,./Women_Profiles/Ayn_Rand
Alicia Vikander,https://en.wikipedia.org/wiki/Alicia_Vikander,no file,./Women_Profiles/Alicia_Vikander
Jane Addams,https://en.wikipedia.org/wiki/Jane_Addams,no file,./Women_Profiles/Jane_Addams
Sonia Sotomayor,https://en.wikipedia.org/wiki/Sonia_Sotomayor,no file,./Women_Profiles/Sonia_Sotomayor
Anna Wintour,https://en.wikipedia.org/wiki/Anna_Wintour,no file,./Women_Profiles/Anna_Wintour
Debora Spar,https://en.wikipedia.org/wiki/Debora_Spar,no file,./Women_Profiles/Debora_Spar
Edith Summerskill,https://en.wikipedia.org/wiki/Edith_Summerskill,no file,./Women_Profiles/Edith_Summerskill
Serena Williams,https://en.wikipedia.org/wiki/Serena_Williams,no file,./Women_Profiles/Serena_Williams
Anne Frank,https://en.wikipedia.org/wiki/Anne_Frank,no file,./Women_Profiles/Anne_Frank
Jayaben Desai,https://en.wikipedia.org/wiki/Jayaben_Desai,no file,./Women_Profiles/Jayaben_Desai
Elizabeth Blackburn,https://en.wikipedia.org/wiki/Elizabeth_Blackburn,no file,./Women_Profiles/Elizabeth_Blackburn
Gail Laughlin,https://en.wikipedia.org/wiki/Gail_Laughlin,no file,./Women_Profiles/Gail_Laughlin
Doris Lessing,https://en.wikipedia.org/wiki/Doris_Lessing,no file,./Women_Profiles/Doris_Lessing
Lisa Ling,https://en.wikipedia.org/wiki/Lisa_Ling,no file,./Women_Profiles/Lisa_Ling
Barbra Streisand,https://en.wikipedia.org/wiki/Barbra_Streisand,no file,./Women_Profiles/Barbra_Streisand
Valentina Tereshkova,https://en.wikipedia.org/wiki/Valentina_Tereshkova,no file,./Women_Profiles/Valentina_Tereshkova
Wendy Henry,https://en.wikipedia.org/wiki/Wendy_Henry,no file,./Women_Profiles/Wendy_Henry
Shirley Temple,https://en.wikipedia.org/wiki/Shirley_Temple,no file,./Women_Profiles/Shirley_Temple
Eleanor Lambert,https://en.wikipedia.org/wiki/Eleanor_Lambert,no file,./Women_Profiles/Eleanor_Lambert
Mina Wylie,https://en.wikipedia.org/wiki/Mina_Wylie,no file,./Women_Profiles/Mina_Wylie
Hattie McDaniel,https://en.wikipedia.org/wiki/Hattie_McDaniel,no file,./Women_Profiles/Hattie_McDaniel
Elizabeth Gilbert,https://en.wikipedia.org/wiki/Elizabeth_Gilbert,no file,./Women_Profiles/Elizabeth_Gilbert
Clare Boothe Luce,https://en.wikipedia.org/wiki/Clare_Boothe_Luce,no file,./Women_Profiles/Clare_Boothe_Luce
Margaret Fuller,https://en.wikipedia.org/wiki/Margaret_Fuller,no file,./Women_Profiles/Margaret_Fuller
Rose Heilbron QC,https://en.wikipedia.org/wiki/Rose_Heilbron,no file,./Women_Profiles/Rose_Heilbron_QC
Eleanor Roosevelt,https://en.wikipedia.org/wiki/Eleanor_Roosevelt,no file,./Women_Profiles/Eleanor_Roosevelt
Harriet Beecher Stowe,https://en.wikipedia.org/wiki/Harriet_Beecher_Stowe,no file,./Women_Profiles/Harriet_Beecher_Stowe
Margaret Chan,https://en.wikipedia.org/wiki/Margaret_Chan,no file,./Women_Profiles/Margaret_Chan
Guo Pei,https://en.wikipedia.org/wiki/Guo_Pei,no file,./Women_Profiles/Guo_Pei
Lady Gaga,https://en.wikipedia.org/wiki/Lady_Gaga,no file,./Women_Profiles/Lady_Gaga
Jane Fonda,https://en.wikipedia.org/wiki/Jane_Fonda,no file,./Women_Profiles/Jane_Fonda
Marilyn Monroe,https://en.wikipedia.org/wiki/Marilyn_Monroe,no file,./Women_Profiles/Marilyn_Monroe
Jada Pinkett Smith,https://en.wikipedia.org/wiki/Jada_Pinkett_Smith,no file,./Women_Profiles/Jada_Pinkett_Smith
Chanda Kochhar,https://en.wikipedia.org/wiki/Chanda_Kochhar,no file,./Women_Profiles/Chanda_Kochhar
Elizabeth Taylor,https://en.wikipedia.org/wiki/Elizabeth_Taylor,no file,./Women_Profiles/Elizabeth_Taylor
Anita Roddick,https://en.wikipedia.org/wiki/Anita_Roddick,no file,./Women_Profiles/Anita_Roddick
Rosa Parks,https://en.wikipedia.org/wiki/Rosa_Parks,no file,./Women_Profiles/Rosa_Parks
Nawal El Saadawi,https://en.wikipedia.org/wiki/Nawal_El_Saadawi,no file,./Women_Profiles/Nawal_El_Saadawi
Bette Midler,https://en.wikipedia.org/wiki/Bette_Midler,no file,./Women_Profiles/Bette_Midler
Abigail Johnson,https://en.wikipedia.org/wiki/Abigail_Johnson,no file,./Women_Profiles/Abigail_Johnson
Lisa Cash Hanson,https://en.wikipedia.org/wiki/Lisa_I%27Anson,no file,./Women_Profiles/Lisa_Cash_Hanson
Christiane Nüsslein-Volhard,https://en.wikipedia.org/wiki/Christiane_N%C3%BCsslein-Volhard,no file,./Women_Profiles/Christiane_Nüsslein-Volhard
Emily Murphy,https://en.wikipedia.org/wiki/Emily_Murphy,no file,./Women_Profiles/Emily_Murphy
Raymonde de Laroche,https://en.wikipedia.org/wiki/Raymonde_de_Laroche,no file,./Women_Profiles/Raymonde_de_Laroche
Vandana Shiva,https://en.wikipedia.org/wiki/Vandana_Shiva,no file,./Women_Profiles/Vandana_Shiva
Janis Joplin,https://en.wikipedia.org/wiki/Janis_Joplin,no file,./Women_Profiles/Janis_Joplin
Rosalyn Sussman Yalow,https://en.wikipedia.org/wiki/Rosalyn_Sussman_Yalow,no file,./Women_Profiles/Rosalyn_Sussman_Yalow
Georgia O’Keeffe,https://en.wikipedia.org/wiki/Georgia_O%27Keeffe,no file,./Women_Profiles/Georgia_O’Keeffe
Yoko Ono,https://en.wikipedia.org/wiki/Yoko_Ono,no file,./Women_Profiles/Yoko_Ono
Judy Garland,https://en.wikipedia.org/wiki/Judy_Garland,no file,./Women_Profiles/Judy_Garland
Susan Cain,https://en.wikipedia.org/wiki/Susan_Cain,no file,./Women_Profiles/Susan_Cain
Hedy Lamarr,https://en.wikipedia.org/wiki/Hedy_Lamarr,no file,./Women_Profiles/Hedy_Lamarr
Naomi Wolf,https://en.wikipedia.org/wiki/Naomi_Wolf,no file,./Women_Profiles/Naomi_Wolf
Yulia Tymoshenko,https://en.wikipedia.org/wiki/Yulia_Tymoshenko,no file,./Women_Profiles/Yulia_Tymoshenko
Joan Beauchamp Procter,https://en.wikipedia.org/wiki/Joan_Beauchamp_Procter,no file,./Women_Profiles/Joan_Beauchamp_Procter
Aretha Franklin,https://en.wikipedia.org/wiki/Aretha_Franklin,no file,./Women_Profiles/Aretha_Franklin
Dorothy Parker,https://en.wikipedia.org/wiki/Dorothy_Parker,no file,./Women_Profiles/Dorothy_Parker
Jennifer Lopez,https://en.wikipedia.org/wiki/Jennifer_Lopez,no file,./Women_Profiles/Jennifer_Lopez
Carly Fiorina,https://en.wikipedia.org/wiki/Carly_Fiorina,no file,./Women_Profiles/Carly_Fiorina
Leymah Gbowee,https://en.wikipedia.org/wiki/Leymah_Gbowee,no file,./Women_Profiles/Leymah_Gbowee
Nora Ephron,https://en.wikipedia.org/wiki/Nora_Ephron,no file,./Women_Profiles/Nora_Ephron
Ruth Gordon,https://en.wikipedia.org/wiki/Ruth_Gordon,no file,./Women_Profiles/Ruth_Gordon
Hope Powell,https://en.wikipedia.org/wiki/Hope_Powell,no file,./Women_Profiles/Hope_Powell
Louisa May Alcott,https://en.wikipedia.org/wiki/Louisa_May_Alcott,no file,./Women_Profiles/Louisa_May_Alcott
Laxmi Agarwal,https://en.wikipedia.org/wiki/Laxmi_Agarwal,no file,./Women_Profiles/Laxmi_Agarwal
Mary Wollstonecraft,https://en.wikipedia.org/wiki/Mary_Wollstonecraft,no file,./Women_Profiles/Mary_Wollstonecraft
Helen Bamber,https://en.wikipedia.org/wiki/Helen_Bamber,no file,./Women_Profiles/Helen_Bamber
Kathryn Bigelow,https://en.wikipedia.org/wiki/Kathryn_Bigelow,no file,./Women_Profiles/Kathryn_Bigelow
Roseanne Barr,https://en.wikipedia.org/wiki/Roseanne_Barr,no file,./Women_Profiles/Roseanne_Barr
Sarah Michelle Gellar,https://en.wikipedia.org/wiki/Sarah_Michelle_Gellar,no file,./Women_Profiles/Sarah_Michelle_Gellar
Mia Hamm,https://en.wikipedia.org/wiki/Mia_Hamm,no file,./Women_Profiles/Mia_Hamm
Mae West,https://en.wikipedia.org/wiki/Mae_West,no file,./Women_Profiles/Mae_West
Sampat Pal Devi,https://en.wikipedia.org/wiki/Sampat_Pal_Devi,no file,./Women_Profiles/Sampat_Pal_Devi
Angela Merkel,https://en.wikipedia.org/wiki/Angela_Merkel,no file,./Women_Profiles/Angela_Merkel
Britney Spears,https://en.wikipedia.org/wiki/Britney_Spears,no file,./Women_Profiles/Britney_Spears
Emily Dickinson,https://en.wikipedia.org/wiki/Emily_Dickinson,no file,./Women_Profiles/Emily_Dickinson
Iyanla Vanzant,https://en.wikipedia.org/wiki/Iyanla_Vanzant,no file,./Women_Profiles/Iyanla_Vanzant
Judi Dench,https://en.wikipedia.org/wiki/Judi_Dench,no file,./Women_Profiles/Judi_Dench
Anne Lamott,https://en.wikipedia.org/wiki/Anne_Lamott,no file,./Women_Profiles/Anne_Lamott
Shonda Rhimes,https://en.wikipedia.org/wiki/Shonda_Rhimes,no file,./Women_Profiles/Shonda_Rhimes
Marsha Evans,https://en.wikipedia.org/wiki/Marsha_J._Evans,no file,./Women_Profiles/Marsha_Evans
Zaha Hadid,https://en.wikipedia.org/wiki/Zaha_Hadid,no file,./Women_Profiles/Zaha_Hadid
Joan Rivers,https://en.wikipedia.org/wiki/Joan_Rivers,no file,./Women_Profiles/Joan_Rivers
Annie Leibovitz,https://en.wikipedia.org/wiki/Annie_Leibovitz,no file,./Women_Profiles/Annie_Leibovitz
Alice Walker,https://en.wikipedia.org/wiki/Alice_Walker,no file,./Women_Profiles/Alice_Walker
Graça Machel,https://en.wikipedia.org/wiki/Gra%C3%A7a_Machel,no file,./Women_Profiles/Graça_Machel
Gabby Douglas,https://en.wikipedia.org/wiki/Gabby_Douglas,no file,./Women_Profiles/Gabby_Douglas
Emmeline Pankhurst,https://en.wikipedia.org/wiki/Emmeline_Pankhurst,no file,./Women_Profiles/Emmeline_Pankhurst
Elizabeth Garrett Anderson,https://en.wikipedia.org/wiki/Elizabeth_Garrett_Anderson,no file,./Women_Profiles/Elizabeth_Garrett_Anderson
Meg Whitman,https://en.wikipedia.org/wiki/Meg_Whitman,no file,./Women_Profiles/Meg_Whitman
Arianna Huffington,https://en.wikipedia.org/wiki/Arianna_Huffington,no file,./Women_Profiles/Arianna_Huffington
Taslima Nasrin,https://en.wikipedia.org/wiki/Taslima_Nasrin,no file,./Women_Profiles/Taslima_Nasrin
Erma Bombeck,https://en.wikipedia.org/wiki/Erma_Bombeck,no file,./Women_Profiles/Erma_Bombeck
Cressida Dick,https://en.wikipedia.org/wiki/Cressida_Dick,no file,./Women_Profiles/Cressida_Dick
Thuli Madonsela,https://en.wikipedia.org/wiki/Thuli_Madonsela,no file,./Women_Profiles/Thuli_Madonsela
Angelina Jolie,https://en.wikipedia.org/wiki/Angelina_Jolie,no file,./Women_Profiles/Angelina_Jolie
Catherine Cook,https://en.wikipedia.org/wiki/Catherine_Cookson,no file,./Women_Profiles/Catherine_Cook
Jane Goodall,https://en.wikipedia.org/wiki/Jane_Goodall,no file,./Women_Profiles/Jane_Goodall
Harriet Chalmers Adams,https://en.wikipedia.org/wiki/Harriet_Chalmers_Adams,no file,./Women_Profiles/Harriet_Chalmers_Adams
Martha Beck,https://en.wikipedia.org/wiki/Martha_Beck,no file,./Women_Profiles/Martha_Beck
Hillary Clinton,https://en.wikipedia.org/wiki/Hillary_Clinton,no file,./Women_Profiles/Hillary_Clinton
Tara Mohr,https://en.wikipedia.org/wiki/Tara_Moore,no file,./Women_Profiles/Tara_Mohr
Ellen Page,https://en.wikipedia.org/wiki/Ellen_Page,no file,./Women_Profiles/Ellen_Page
Frances Perkins,https://en.wikipedia.org/wiki/Frances_Perkins,no file,./Women_Profiles/Frances_Perkins
Millicent Fawcett,https://en.wikipedia.org/wiki/Millicent_Fawcett,no file,./Women_Profiles/Millicent_Fawcett
Elaine Showalter,https://en.wikipedia.org/wiki/Elaine_Showalter,no file,./Women_Profiles/Elaine_Showalter
Billie Holiday,https://en.wikipedia.org/wiki/Billie_Holiday,no file,./Women_Profiles/Billie_Holiday
Nancy Wake,https://en.wikipedia.org/wiki/Nancy_Wake,no file,./Women_Profiles/Nancy_Wake
Virginia Woolf,https://en.wikipedia.org/wiki/Virginia_Woolf,no file,./Women_Profiles/Virginia_Woolf
Ruth Reichl,https://en.wikipedia.org/wiki/Ruth_Reichl,no file,./Women_Profiles/Ruth_Reichl
Ariel Winter,https://en.wikipedia.org/wiki/Ariel_Winter,no file,./Women_Profiles/Ariel_Winter
Ella Fitzgerald,https://en.wikipedia.org/wiki/Ella_Fitzgerald,no file,./Women_Profiles/Ella_Fitzgerald
Kelly Manthey,https://en.wikipedia.org/wiki/Kelly_Mantle,no file,./Women_Profiles/Kelly_Manthey
Jackie Joyner-Kersee,https://en.wikipedia.org/wiki/Jackie_Joyner-Kersee,no file,./Women_Profiles/Jackie_Joyner-Kersee
Susan B. Anthony,https://en.wikipedia.org/wiki/Susan_B._Anthony,no file,./Women_Profiles/Susan_B._Anthony
Ellen DeGeneres,https://en.wikipedia.org/wiki/Ellen_DeGeneres,no file,./Women_Profiles/Ellen_DeGeneres
Angela Davis,https://en.wikipedia.org/wiki/Angela_Davis,no file,./Women_Profiles/Angela_Davis
Helen Thayer,https://en.wikipedia.org/wiki/Helen_Thayer,no file,./Women_Profiles/Helen_Thayer
Billie Jean King,https://en.wikipedia.org/wiki/Billie_Jean_King,no file,./Women_Profiles/Billie_Jean_King
Coco Chanel,https://en.wikipedia.org/wiki/Coco_Chanel,no file,./Women_Profiles/Coco_Chanel
Nico,https://en.wikipedia.org/wiki/Nico,no file,./Women_Profiles/Nico
Molly Stevens,https://en.wikipedia.org/wiki/Molly_Stevens,no file,./Women_Profiles/Molly_Stevens
Lise Meitner,https://en.wikipedia.org/wiki/Lise_Meitner,no file,./Women_Profiles/Lise_Meitner
Susan Solomon,https://en.wikipedia.org/wiki/Susan_Solomon,no file,./Women_Profiles/Susan_Solomon
Sheryl Sandberg,https://en.wikipedia.org/wiki/Sheryl_Sandberg,no file,./Women_Profiles/Sheryl_Sandberg
Sara Blakely,https://en.wikipedia.org/wiki/Sara_Blakely,no file,./Women_Profiles/Sara_Blakely
Jodie Foster,https://en.wikipedia.org/wiki/Jodie_Foster,no file,./Women_Profiles/Jodie_Foster
Sheila Van Damm,https://en.wikipedia.org/wiki/Sheila_van_Damm,no file,./Women_Profiles/Sheila_Van_Damm
Katharine Graham,https://en.wikipedia.org/wiki/Katharine_Graham,no file,./Women_Profiles/Katharine_Graham
Steffi Graf,https://en.wikipedia.org/wiki/Steffi_Graf,no file,./Women_Profiles/Steffi_Graf
Rosalind Russell,https://en.wikipedia.org/wiki/Rosalind_Russell,no file,./Women_Profiles/Rosalind_Russell
Michelle Obama,https://en.wikipedia.org/wiki/Michelle_Obama,no file,./Women_Profiles/Michelle_Obama
Sallie Krawcheck,https://en.wikipedia.org/wiki/Sallie_Krawcheck,no file,./Women_Profiles/Sallie_Krawcheck
Samantha Ettus,https://en.wikipedia.org/wiki/Samantha_Ettus,no file,./Women_Profiles/Samantha_Ettus
Meryl Streep,https://en.wikipedia.org/wiki/Meryl_Streep,no file,./Women_Profiles/Meryl_Streep
Beryl Markham,https://en.wikipedia.org/wiki/Beryl_Markham,no file,./Women_Profiles/Beryl_Markham
Venus Williams,https://en.wikipedia.org/wiki/Venus_Williams,no file,./Women_Profiles/Venus_Williams
Marilyn French,https://en.wikipedia.org/wiki/Marilyn_French,no file,./Women_Profiles/Marilyn_French
Ann Richards,https://en.wikipedia.org/wiki/Ann_Richards,no file,./Women_Profiles/Ann_Richards
Golda Meir,https://en.wikipedia.org/wiki/Golda_Meir,no file,./Women_Profiles/Golda_Meir
Kate Moss,https://en.wikipedia.org/wiki/Kate_Moss,no file,./Women_Profiles/Kate_Moss
Edith Wharton,https://en.wikipedia.org/wiki/Edith_Wharton,no file,./Women_Profiles/Edith_Wharton
Gertrude Ederle,https://en.wikipedia.org/wiki/Gertrude_Ederle,no file,./Women_Profiles/Gertrude_Ederle
Liz Lange,https://en.wikipedia.org/wiki/Liz_Lange,no file,./Women_Profiles/Liz_Lange
Pink,https://en.wikipedia.org/wiki/Pink_%28singer%29,no file,./Women_Profiles/Pink
Tyra Banks,https://en.wikipedia.org/wiki/Tyra_Banks,no file,./Women_Profiles/Tyra_Banks
Ginni Rometty,https://en.wikipedia.org/wiki/Ginni_Rometty,no file,./Women_Profiles/Ginni_Rometty
Lil' Kim,https://en.wikipedia.org/wiki/Lil%27_Kim,no file,./Women_Profiles/Lil'_Kim
Kelly Holmes,https://en.wikipedia.org/wiki/Kelly_Holmes,no file,./Women_Profiles/Kelly_Holmes
Marissa Mayer,https://en.wikipedia.org/wiki/Marissa_Mayer,no file,./Women_Profiles/Marissa_Mayer
Diane Abbott,https://en.wikipedia.org/wiki/Diane_Abbott,no file,./Women_Profiles/Diane_Abbott
Christine de Pizan,https://en.wikipedia.org/wiki/Christine_de_Pizan,no file,./Women_Profiles/Christine_de_Pizan
Simone de Beauvoir,https://en.wikipedia.org/wiki/Simone_de_Beauvoir,no file,./Women_Profiles/Simone_de_Beauvoir
Cher,https://en.wikipedia.org/wiki/Cher,no file,./Women_Profiles/Cher
Sally Ride,https://en.wikipedia.org/wiki/Sally_Ride,no file,./Women_Profiles/Sally_Ride
Rosalind Brewer,https://en.wikipedia.org/wiki/Rosalind_Brewer,no file,./Women_Profiles/Rosalind_Brewer
Dorothy Lawrence,https://en.wikipedia.org/wiki/Dorothy_Lawrence,no file,./Women_Profiles/Dorothy_Lawrence
Germaine Greer,https://en.wikipedia.org/wiki/Germaine_Greer,no file,./Women_Profiles/Germaine_Greer
Doreen Lawrence,https://en.wikipedia.org/wiki/Doreen_Lawrence,no file,./Women_Profiles/Doreen_Lawrence
Ashley Rickards,https://en.wikipedia.org/wiki/Ashley_Rickards,no file,./Women_Profiles/Ashley_Rickards
Diane Sawyer,https://en.wikipedia.org/wiki/Diane_Sawyer,no file,./Women_Profiles/Diane_Sawyer
Edith Cowan,https://en.wikipedia.org/wiki/Edith_Cowan,no file,./Women_Profiles/Edith_Cowan
Rosalynn Carter,https://en.wikipedia.org/wiki/Rosalynn_Carter,no file,./Women_Profiles/Rosalynn_Carter
Grace Kelly,https://en.wikipedia.org/wiki/Grace_Kelly,no file,./Women_Profiles/Grace_Kelly
Pauli Murray,https://en.wikipedia.org/wiki/Pauli_Murray,no file,./Women_Profiles/Pauli_Murray
Ally Carter,https://en.wikipedia.org/wiki/Ally_Carter,no file,./Women_Profiles/Ally_Carter
Kate Gleason,https://en.wikipedia.org/wiki/Kate_Gleason,no file,./Women_Profiles/Kate_Gleason
Condoleezza Rice,https://en.wikipedia.org/wiki/Condoleezza_Rice,no file,./Women_Profiles/Condoleezza_Rice
Irena Sendler,https://en.wikipedia.org/wiki/Irena_Sendler,no file,./Women_Profiles/Irena_Sendler
Eileen Collins,https://en.wikipedia.org/wiki/Eileen_Collins,no file,./Women_Profiles/Eileen_Collins
Mary McLeod Bethune,https://en.wikipedia.org/wiki/Mary_McLeod_Bethune,no file,./Women_Profiles/Mary_McLeod_Bethune
Shirin Ebadi,https://en.wikipedia.org/wiki/Shirin_Ebadi,no file,./Women_Profiles/Shirin_Ebadi
Marge Piercy,https://en.wikipedia.org/wiki/Marge_Piercy,no file,./Women_Profiles/Marge_Piercy
Jacqueline Bisset,https://en.wikipedia.org/wiki/Jacqueline_Bisset,no file,./Women_Profiles/Jacqueline_Bisset
Onora O'Neill,https://en.wikipedia.org/wiki/Onora_O%27Neill,no file,./Women_Profiles/Onora_O'Neill
Mother Teresa,https://en.wikipedia.org/wiki/Mother_Teresa,no file,./Women_Profiles/Mother_Teresa
Rachel Zoe,https://en.wikipedia.org/wiki/Rachel_Zoe,no file,./Women_Profiles/Rachel_Zoe
Gwen Stefani,https://en.wikipedia.org/wiki/Gwen_Stefani,no file,./Women_Profiles/Gwen_Stefani
Charlotte Whitton,https://en.wikipedia.org/wiki/Charlotte_Whitton,no file,./Women_Profiles/Charlotte_Whitton
Julia Child,https://en.wikipedia.org/wiki/Julia_Child,no file,./Women_Profiles/Julia_Child
Rachel Maddow,https://en.wikipedia.org/wiki/Rachel_Maddow,no file,./Women_Profiles/Rachel_Maddow
Tracey Emin,https://en.wikipedia.org/wiki/Tracey_Emin,no file,./Women_Profiles/Tracey_Emin
Athene Donald,https://en.wikipedia.org/wiki/Athene_Donald,no file,./Women_Profiles/Athene_Donald
Julie Burchill,https://en.wikipedia.org/wiki/Julie_Burchill,no file,./Women_Profiles/Julie_Burchill
Estée Lauder,https://en.wikipedia.org/wiki/Est%C3%A9e_Lauder_(businesswoman),no file,./Women_Profiles/Estée_Lauder
Obiageli Ezekwesili,https://en.wikipedia.org/wiki/Obiageli_Ezekwesili,no file,./Women_Profiles/Obiageli_Ezekwesili
Angela Carter,https://en.wikipedia.org/wiki/Angela_Carter,no file,./Women_Profiles/Angela_Carter
Julie Andrews,https://en.wikipedia.org/wiki/Julie_Andrews,no file,./Women_Profiles/Julie_Andrews
Melinda Gates,https://en.wikipedia.org/wiki/Melinda_Gates,no file,./Women_Profiles/Melinda_Gates
Louise Hay,https://en.wikipedia.org/wiki/Louise_Hay,no file,./Women_Profiles/Louise_Hay
Kirsten Gillibrand,https://en.wikipedia.org/wiki/Kirsten_Gillibrand,no file,./Women_Profiles/Kirsten_Gillibrand
Noor Inayat Khan,https://en.wikipedia.org/wiki/Noor_Inayat_Khan,no file,./Women_Profiles/Noor_Inayat_Khan
Ada Lovelace,https://en.wikipedia.org/wiki/Ada_Lovelace,no file,./Women_Profiles/Ada_Lovelace
Irene Rosenfeld,https://en.wikipedia.org/wiki/Irene_Rosenfeld,no file,./Women_Profiles/Irene_Rosenfeld
Beatrix Potter,https://en.wikipedia.org/wiki/Beatrix_Potter,no file,./Women_Profiles/Beatrix_Potter
Florence Nightingale,https://en.wikipedia.org/wiki/Florence_Nightingale,no file,./Women_Profiles/Florence_Nightingale
Franny Armstrong,https://en.wikipedia.org/wiki/Franny_Armstrong,no file,./Women_Profiles/Franny_Armstrong
Marjane Satrapi,https://en.wikipedia.org/wiki/Marjane_Satrapi,no file,./Women_Profiles/Marjane_Satrapi
Hoda Kotb,https://en.wikipedia.org/wiki/Hoda_Kotb,no file,./Women_Profiles/Hoda_Kotb
Agatha Christie,https://en.wikipedia.org/wiki/Agatha_Christie,no file,./Women_Profiles/Agatha_Christie
Melissa Etheridge,https://en.wikipedia.org/wiki/Melissa_Etheridge,no file,./Women_Profiles/Melissa_Etheridge
Indira Gandhi,https://en.wikipedia.org/wiki/Indira_Gandhi,no file,./Women_Profiles/Indira_Gandhi
Emma Watson,https://en.wikipedia.org/wiki/Emma_Watson,no file,./Women_Profiles/Emma_Watson
Malala Yousafzai,https://en.wikipedia.org/wiki/Malala_Yousafzai,no file,./Women_Profiles/Malala_Yousafzai
Ellen Johnson Sirleaf,https://en.wikipedia.org/wiki/Ellen_Johnson_Sirleaf,no file,./Women_Profiles/Ellen_Johnson_Sirleaf
Evonne Goolagong Cawley,https://en.wikipedia.org/wiki/Evonne_Goolagong_Cawley,no file,./Women_Profiles/Evonne_Goolagong_Cawley
Ingrid Mattson,https://en.wikipedia.org/wiki/Ingrid_Mattson,no file,./Women_Profiles/Ingrid_Mattson
Rebecca West,https://en.wikipedia.org/wiki/Rebecca_West,no file,./Women_Profiles/Rebecca_West
Jasvinder Sanghera,https://en.wikipedia.org/wiki/Jasvinder_Sanghera,no file,./Women_Profiles/Jasvinder_Sanghera
Zainab Salbi,https://en.wikipedia.org/wiki/Zainab_Salbi,no file,./Women_Profiles/Zainab_Salbi
Harper Lee,https://en.wikipedia.org/wiki/Harper_Lee,no file,./Women_Profiles/Harper_Lee
Victoria Justice,https://en.wikipedia.org/wiki/Victoria_Justice,no file,./Women_Profiles/Victoria_Justice
Tory Burch,https://en.wikipedia.org/wiki/Tory_Burch,no file,./Women_Profiles/Tory_Burch
Vigdís Finnbogadóttir,https://en.wikipedia.org/wiki/Vigd%C3%ADs_Finnbogad%C3%B3ttir,no file,./Women_Profiles/Vigdís_Finnbogadóttir
Folorunsho Alakija,https://en.wikipedia.org/wiki/Folorunsho_Alakija,no file,./Women_Profiles/Folorunsho_Alakija
Beyoncé Knowles,https://en.wikipedia.org/wiki/Beyonc%C3%A9_Knowles,no file,./Women_Profiles/Beyoncé_Knowles
Georgia O'Keeffe,https://en.wikipedia.org/wiki/Georgia_O%27Keeffe,no file,./Women_Profiles/Georgia_O'Keeffe
Charlotte Cooper ,https://en.wikipedia.org//wiki/Charlotte_Cooper_(tennis),no file,./Women_Profiles/Charlotte_Cooper_
